chr	location
5	3188327
5	3188700
1	30168020
1	4241014
5	3185806
1	3978064
1	30163264
1	3877554
2	9055428
3	6009548
3	6017457
1	30162312
1	30168758
5	3188745
5	25359325
5	25398020
4	17344529
3	6017078
2	9046482
4	7203579
5	3177111
2	13616966
5	25361555
5	25386559
5	25350318
5	25345918
5	25346644
5	25347012
5	25347575
5	25348565
5	25349020
5	25351192
5	25351355
5	25351688
5	25352040
5	25352490
5	25352617
5	25352982
5	25353765
5	25353990
5	25354449
5	25354528
3	17940650
3	10149212
2	9052185
1	3949888
1	3942120
1	3832974
5	24731596
2	9044852
2	9046103
2	9049239
2	9052359
5	25348122
1	3964424
1	3873444
5	18600785
1	3876136
1	30200038
1	3849924
1	2770065
4	17292269
3	6008940
5	3246491
1	3872522
1	3874948
1	3844044
5	18263637
4	16925585
1	3840597
4	17346031
5	25357200
2	8243328
5	18590327
1	3855395
5	25349890
4	161220
2	9055835
2	8862546
2	8862766
4	17341927
4	16924632
1	3940501
5	25369739
5	25369821
5	18597119
2	9043036
5	3184569
5	25373812
5	25376120
5	25377910
5	18601449
5	15455661
2	9571880
5	25409815
1	30173817
5	25352209
1	19133268
5	18705971
